date,day,campus,count,meal,soup,main_dish,vegetarian,side_dishes,dessert
2024-09-02,monday,Anadoluhisari,17,lunch,tavuk suyu corba,rosto kofte,patates oturtma,"misirli pirinc pilavi, eriste","meyve, coban salata, ayran"
2024-09-02,monday,Kuzey,268,lunch,tavuk suyu corba,rosto kofte,patates oturtma,"misirli pirinc pilavi, eriste","meyve, coban salata, ayran"
2024-09-02,monday,Guney,106,lunch,tavuk suyu corba,rosto kofte,patates oturtma,"misirli pirinc pilavi, eriste","meyve, coban salata, ayran"
2024-09-02,monday,Hisar,29,lunch,tavuk suyu corba,rosto kofte,patates oturtma,"misirli pirinc pilavi, eriste","meyve, coban salata, ayran"
2024-09-02,monday,Kilyos,20,lunch,tavuk suyu corba,rosto kofte,patates oturtma,"misirli pirinc pilavi, eriste","meyve, coban salata, ayran"
2024-09-02,monday,Kandilli,54,lunch,tavuk suyu corba,rosto kofte,patates oturtma,"misirli pirinc pilavi, eriste","meyve, coban salata, ayran"
2024-09-03,tuesday,Anadoluhisari,32,lunch,mahluta corba,sehzade kebabi,imam bayildi,"bulgur pilavi, zerdecalli pirinc pilavi","cacik, meyve, soda"
2024-09-03,tuesday,Kuzey,241,lunch,mahluta corba,sehzade kebabi,imam bayildi,"bulgur pilavi, zerdecalli pirinc pilavi","cacik, meyve, soda"
2024-09-03,tuesday,Guney,114,lunch,mahluta corba,sehzade kebabi,imam bayildi,"bulgur pilavi, zerdecalli pirinc pilavi","cacik, meyve, soda"
2024-09-03,tuesday,Hisar,44,lunch,mahluta corba,sehzade kebabi,imam bayildi,"bulgur pilavi, zerdecalli pirinc pilavi","cacik, meyve, soda"
2024-09-03,tuesday,Kilyos,11,lunch,mahluta corba,sehzade kebabi,imam bayildi,"bulgur pilavi, zerdecalli pirinc pilavi","cacik, meyve, soda"
2024-09-03,tuesday,Kandilli,50,lunch,mahluta corba,sehzade kebabi,imam bayildi,"bulgur pilavi, zerdecalli pirinc pilavi","cacik, meyve, soda"
2024-09-04,wednesday,Anadoluhisari,28,lunch,naneli yogurt corba,tavuk tava,falafel,"soslu makarna, patatesli tepsi boregi","tiramisu, ayran, mevsim salata"
2024-09-04,wednesday,Kuzey,281,lunch,naneli yogurt corba,tavuk tava,falafel,"soslu makarna, patatesli tepsi boregi","tiramisu, ayran, mevsim salata"
2024-09-04,wednesday,Guney,138,lunch,naneli yogurt corba,tavuk tava,falafel,"soslu makarna, patatesli tepsi boregi","tiramisu, ayran, mevsim salata"
2024-09-04,wednesday,Hisar,52,lunch,naneli yogurt corba,tavuk tava,falafel,"soslu makarna, patatesli tepsi boregi","tiramisu, ayran, mevsim salata"
2024-09-04,wednesday,Kilyos,14,lunch,naneli yogurt corba,tavuk tava,falafel,"soslu makarna, patatesli tepsi boregi","tiramisu, ayran, mevsim salata"
2024-09-04,wednesday,Kandilli,56,lunch,naneli yogurt corba,tavuk tava,falafel,"soslu makarna, patatesli tepsi boregi","tiramisu, ayran, mevsim salata"
2024-09-05,thursday,Anadoluhisari,22,lunch,domates corba,pilic topkapi,harput kofte,"zy. orbit fasulye, saksuka","limonata, meyve, zerde tatlisi"
2024-09-05,thursday,Kuzey,249,lunch,domates corba,pilic topkapi,harput kofte,"zy. orbit fasulye, saksuka","limonata, meyve, zerde tatlisi"
2024-09-05,thursday,Guney,125,lunch,domates corba,pilic topkapi,harput kofte,"zy. orbit fasulye, saksuka","limonata, meyve, zerde tatlisi"
2024-09-05,thursday,Hisar,34,lunch,domates corba,pilic topkapi,harput kofte,"zy. orbit fasulye, saksuka","limonata, meyve, zerde tatlisi"
2024-09-05,thursday,Kilyos,12,lunch,domates corba,pilic topkapi,harput kofte,"zy. orbit fasulye, saksuka","limonata, meyve, zerde tatlisi"
2024-09-05,thursday,Kandilli,47,lunch,domates corba,pilic topkapi,harput kofte,"zy. orbit fasulye, saksuka","limonata, meyve, zerde tatlisi"
2024-09-06,friday,Anadoluhisari,29,lunch,mercimek corba,iskender kebap,bezelyeli vegan misket kofte,"bulgur pilavi, pirinc pilavi","mevsim salata, meyve, kola"
2024-09-06,friday,Kuzey,313,lunch,mercimek corba,iskender kebap,bezelyeli vegan misket kofte,"bulgur pilavi, pirinc pilavi","mevsim salata, meyve, kola"
2024-09-06,friday,Guney,150,lunch,mercimek corba,iskender kebap,bezelyeli vegan misket kofte,"bulgur pilavi, pirinc pilavi","mevsim salata, meyve, kola"
2024-09-06,friday,Hisar,37,lunch,mercimek corba,iskender kebap,bezelyeli vegan misket kofte,"bulgur pilavi, pirinc pilavi","mevsim salata, meyve, kola"
2024-09-06,friday,Kilyos,15,lunch,mercimek corba,iskender kebap,bezelyeli vegan misket kofte,"bulgur pilavi, pirinc pilavi","mevsim salata, meyve, kola"
2024-09-06,friday,Kandilli,62,lunch,mercimek corba,iskender kebap,bezelyeli vegan misket kofte,"bulgur pilavi, pirinc pilavi","mevsim salata, meyve, kola"
2024-09-09,monday,Anadoluhisari,47,lunch,koy corbasi,mantar soslu tavuk,mantar graten,"pirinc pilavi, domatesli bulgur pilavi","coban salata, meyve, gazoz"
2024-09-09,monday,Kuzey,351,lunch,koy corbasi,mantar soslu tavuk,mantar graten,"pirinc pilavi, domatesli bulgur pilavi","coban salata, meyve, gazoz"
2024-09-09,monday,Guney,85,lunch,koy corbasi,mantar soslu tavuk,mantar graten,"pirinc pilavi, domatesli bulgur pilavi","coban salata, meyve, gazoz"
2024-09-09,monday,Hisar,42,lunch,koy corbasi,mantar soslu tavuk,mantar graten,"pirinc pilavi, domatesli bulgur pilavi","coban salata, meyve, gazoz"
2024-09-09,monday,Kilyos,17,lunch,koy corbasi,mantar soslu tavuk,mantar graten,"pirinc pilavi, domatesli bulgur pilavi","coban salata, meyve, gazoz"
2024-09-09,monday,Kandilli,61,lunch,koy corbasi,mantar soslu tavuk,mantar graten,"pirinc pilavi, domatesli bulgur pilavi","coban salata, meyve, gazoz"
2024-09-10,tuesday,Anadoluhisari,34,lunch,bamya corba,etli nohut,etsiz nohut,"bulgur pilavi, pirinc pilavi","yogurt, tursu, brownie"
2024-09-10,tuesday,Kuzey,243,lunch,bamya corba,etli nohut,etsiz nohut,"bulgur pilavi, pirinc pilavi","yogurt, tursu, brownie"
2024-09-10,tuesday,Guney,50,lunch,bamya corba,etli nohut,etsiz nohut,"bulgur pilavi, pirinc pilavi","yogurt, tursu, brownie"
2024-09-10,tuesday,Hisar,32,lunch,bamya corba,etli nohut,etsiz nohut,"bulgur pilavi, pirinc pilavi","yogurt, tursu, brownie"
2024-09-10,tuesday,Kilyos,12,lunch,bamya corba,etli nohut,etsiz nohut,"bulgur pilavi, pirinc pilavi","yogurt, tursu, brownie"
2024-09-10,tuesday,Kandilli,58,lunch,bamya corba,etli nohut,etsiz nohut,"bulgur pilavi, pirinc pilavi","yogurt, tursu, brownie"
2024-09-11,wednesday,Anadoluhisari,57,lunch,ayranasi corba,meksika soslu tavuk,zy.mantar,"nohutlu pirinc pilavi, tepsi boregi","keskul, limonata, meyve"
2024-09-11,wednesday,Kuzey,295,lunch,ayranasi corba,meksika soslu tavuk,zy.mantar,"nohutlu pirinc pilavi, tepsi boregi","keskul, limonata, meyve"
2024-09-11,wednesday,Guney,86,lunch,ayranasi corba,meksika soslu tavuk,zy.mantar,"nohutlu pirinc pilavi, tepsi boregi","keskul, limonata, meyve"
2024-09-11,wednesday,Hisar,48,lunch,ayranasi corba,meksika soslu tavuk,zy.mantar,"nohutlu pirinc pilavi, tepsi boregi","keskul, limonata, meyve"
2024-09-11,wednesday,Kilyos,17,lunch,ayranasi corba,meksika soslu tavuk,zy.mantar,"nohutlu pirinc pilavi, tepsi boregi","keskul, limonata, meyve"
2024-09-11,wednesday,Kandilli,60,lunch,ayranasi corba,meksika soslu tavuk,zy.mantar,"nohutlu pirinc pilavi, tepsi boregi","keskul, limonata, meyve"
2024-09-12,thursday,Anadoluhisari,30,lunch,cesmi nigar corba,tavuk sandal,imam bayildi,"bulgur pilavi, zerdecalli pirinc pilavi","semizotu borani, meyve, soda"
2024-09-12,thursday,Kuzey,317,lunch,cesmi nigar corba,tavuk sandal,imam bayildi,"bulgur pilavi, zerdecalli pirinc pilavi","semizotu borani, meyve, soda"
2024-09-12,thursday,Guney,94,lunch,cesmi nigar corba,tavuk sandal,imam bayildi,"bulgur pilavi, zerdecalli pirinc pilavi","semizotu borani, meyve, soda"
2024-09-12,thursday,Hisar,36,lunch,cesmi nigar corba,tavuk sandal,imam bayildi,"bulgur pilavi, zerdecalli pirinc pilavi","semizotu borani, meyve, soda"
2024-09-12,thursday,Kilyos,22,lunch,cesmi nigar corba,tavuk sandal,imam bayildi,"bulgur pilavi, zerdecalli pirinc pilavi","semizotu borani, meyve, soda"
2024-09-12,thursday,Kandilli,62,lunch,cesmi nigar corba,tavuk sandal,imam bayildi,"bulgur pilavi, zerdecalli pirinc pilavi","semizotu borani, meyve, soda"
2024-09-13,friday,Anadoluhisari,29,lunch,ezogelin corba,kabak begendi,nohutlu kabak yemegi,"sehriyeli pirinc pilavi, eriste","ayran, mevsim salata, meyve"
2024-09-13,friday,Kuzey,250,lunch,ezogelin corba,kabak begendi,nohutlu kabak yemegi,"sehriyeli pirinc pilavi, eriste","ayran, mevsim salata, meyve"
2024-09-13,friday,Guney,67,lunch,ezogelin corba,kabak begendi,nohutlu kabak yemegi,"sehriyeli pirinc pilavi, eriste","ayran, mevsim salata, meyve"
2024-09-13,friday,Hisar,41,lunch,ezogelin corba,kabak begendi,nohutlu kabak yemegi,"sehriyeli pirinc pilavi, eriste","ayran, mevsim salata, meyve"
2024-09-13,friday,Kilyos,11,lunch,ezogelin corba,kabak begendi,nohutlu kabak yemegi,"sehriyeli pirinc pilavi, eriste","ayran, mevsim salata, meyve"
2024-09-13,friday,Kandilli,59,lunch,ezogelin corba,kabak begendi,nohutlu kabak yemegi,"sehriyeli pirinc pilavi, eriste","ayran, mevsim salata, meyve"
2024-09-16,monday,Anadoluhisari,35,lunch,antep corba,tavuk doner,falafel,"soslu makarna, pirinc pilavi","mevsim salata, limonata, meyve"
2024-09-16,monday,Kuzey,407,lunch,antep corba,tavuk doner,falafel,"soslu makarna, pirinc pilavi","mevsim salata, limonata, meyve"
2024-09-16,monday,Guney,107,lunch,antep corba,tavuk doner,falafel,"soslu makarna, pirinc pilavi","mevsim salata, limonata, meyve"
2024-09-16,monday,Hisar,70,lunch,antep corba,tavuk doner,falafel,"soslu makarna, pirinc pilavi","mevsim salata, limonata, meyve"
2024-09-16,monday,Kilyos,14,lunch,antep corba,tavuk doner,falafel,"soslu makarna, pirinc pilavi","mevsim salata, limonata, meyve"
2024-09-16,monday,Kandilli,69,lunch,antep corba,tavuk doner,falafel,"soslu makarna, pirinc pilavi","mevsim salata, limonata, meyve"
2024-09-17,tuesday,Anadoluhisari,31,lunch,brokoli corba,firin kofte,vegan kofte,"soslu makarna, garniturlu pirinc pilavi","ayran, cheescake, meyve"
2024-09-17,tuesday,Kuzey,386,lunch,brokoli corba,firin kofte,vegan kofte,"soslu makarna, garniturlu pirinc pilavi","ayran, cheescake, meyve"
2024-09-17,tuesday,Guney,7,lunch,brokoli corba,firin kofte,vegan kofte,"soslu makarna, garniturlu pirinc pilavi","ayran, cheescake, meyve"
2024-09-17,tuesday,Hisar,45,lunch,brokoli corba,firin kofte,vegan kofte,"soslu makarna, garniturlu pirinc pilavi","ayran, cheescake, meyve"
2024-09-17,tuesday,Kilyos,9,lunch,brokoli corba,firin kofte,vegan kofte,"soslu makarna, garniturlu pirinc pilavi","ayran, cheescake, meyve"
2024-09-17,tuesday,Kandilli,61,lunch,brokoli corba,firin kofte,vegan kofte,"soslu makarna, garniturlu pirinc pilavi","ayran, cheescake, meyve"
2024-09-18,wednesday,Anadoluhisari,38,lunch,mercimek corba,kremali tavuk sote,bezelyeli vegan misket kofte,"garniturlu pirinc pilavi, soslu spagetti","magnolia, mevsim salata, ayran"
2024-09-18,wednesday,Kuzey,411,lunch,mercimek corba,kremali tavuk sote,bezelyeli vegan misket kofte,"garniturlu pirinc pilavi, soslu spagetti","magnolia, mevsim salata, ayran"
2024-09-18,wednesday,Guney,131,lunch,mercimek corba,kremali tavuk sote,bezelyeli vegan misket kofte,"garniturlu pirinc pilavi, soslu spagetti","magnolia, mevsim salata, ayran"
2024-09-18,wednesday,Hisar,66,lunch,mercimek corba,kremali tavuk sote,bezelyeli vegan misket kofte,"garniturlu pirinc pilavi, soslu spagetti","magnolia, mevsim salata, ayran"
2024-09-18,wednesday,Kilyos,17,lunch,mercimek corba,kremali tavuk sote,bezelyeli vegan misket kofte,"garniturlu pirinc pilavi, soslu spagetti","magnolia, mevsim salata, ayran"
2024-09-18,wednesday,Kandilli,68,lunch,mercimek corba,kremali tavuk sote,bezelyeli vegan misket kofte,"garniturlu pirinc pilavi, soslu spagetti","magnolia, mevsim salata, ayran"
2024-09-19,thursday,Anadoluhisari,58,lunch,yayla corba,etli taze fasulye,taze fasulye,"bulgur pilavi, melek pilavi","mevsim salata, profiterol, meyve"
2024-09-19,thursday,Kuzey,267,lunch,yayla corba,etli taze fasulye,taze fasulye,"bulgur pilavi, melek pilavi","mevsim salata, profiterol, meyve"
2024-09-19,thursday,Guney,111,lunch,yayla corba,etli taze fasulye,taze fasulye,"bulgur pilavi, melek pilavi","mevsim salata, profiterol, meyve"
2024-09-19,thursday,Hisar,46,lunch,yayla corba,etli taze fasulye,taze fasulye,"bulgur pilavi, melek pilavi","mevsim salata, profiterol, meyve"
2024-09-19,thursday,Kilyos,18,lunch,yayla corba,etli taze fasulye,taze fasulye,"bulgur pilavi, melek pilavi","mevsim salata, profiterol, meyve"
2024-09-19,thursday,Kandilli,53,lunch,yayla corba,etli taze fasulye,taze fasulye,"bulgur pilavi, melek pilavi","mevsim salata, profiterol, meyve"
2024-09-20,friday,Hisar,66,lunch,antep corba,mantar soslu tavuk,mantar sote,"nohutlu pirinc pilavi, soslu makarna","mevsim salata, meyve, limonata"
2024-09-21,saturday,Guney,1,dinner,mantar corba,tavuk kok kanat,semizotu yemegi,"bolonez soslu spagetti, pirinc pilavi","mevsim salata, meyve, soda"
2024-09-23,monday,Hisar,231,lunch,ayranasi corba,izmir kofte,yesil mercimek yemegi,"bulgur pilavi, ic pilavi","ayran, mevsim salata, meyve"
2024-09-24,tuesday,Hisar,256,lunch,tavuk suyu corba,etli kuru fasulye,etsiz kuru fasulye,"bulgur pilavi, melek pilavi","yogurt, mevsim salata, soda"
2024-09-25,wednesday,Hisar,360,lunch,suzme mercimek corba,tavuk izgara,saksuka,"patatesli tepsi boregi, sehriyeli pirinc pilavi","mevsim salata, cig kofte, ayran"
2024-09-26,thursday,Hisar,290,lunch,ezogelin corba,tas kebabi,dovmec,"yesil mercimekli bulgur pilavi, pirinc pilavi","mevsim salata, meyve, ayran"
2024-09-27,friday,Hisar,205,lunch,mantar corba,et doner,mucver,"melek pilavi, soslu makarna","limonata, mevsim salata, nevzine tatlisi"
2024-09-30,monday,Hisar,350,lunch,elvankiz corba,meksika soslu tavuk,etsiz taze fasulye,"bulgur pilavi, penne makarna","meyve, ayran, mevsim salata"
2024-10-01,tuesday,Hisar,408,lunch,ezogelin corba,hunkar begendi,saksuka,"bulgur pilavi, melek pilavi","cacik, meyve, mevsim salata"
2024-10-02,wednesday,Hisar,367,lunch,mercimek corba,pilic special but,vegan kofte,"penne makarna, garniturlu pirinc pilavi","kazandibi, mercimek kofte, kola"
2024-10-03,thursday,Hisar,347,lunch,tavuk suyu corba,adana kofte,vegan (bezelye) kofte,"soslu makarna, arpa sehriyeli pirinc pilavi","ayran, meyve, misirli salata"
2024-10-04,friday,Hisar,205,lunch,suzme mercimek corba,et doner,bamya yemegi,"pirinc pilavi, bulgur pilavi","meyve, mevsim salata, gazoz"
2024-10-04,friday,Kilyos,34,lunch,suzme mercimek corba,et doner,bamya yemegi,"pirinc pilavi, bulgur pilavi","meyve, mevsim salata, gazoz"
2024-10-07,monday,Hisar,297,lunch,mantar corba,etli guvec,sebze buketi,"bulgur pilavi, melek pilavi","cacik, meyve, nevzine tatlisi"
2024-10-08,tuesday,Hisar,452,lunch,sehriye corba,kibrit kebabi,dovmec,"soslu makarna, arpa sehriyeli pirinc pilavi","soda, mevsim salata, meyve"
2024-10-09,wednesday,Hisar,366,lunch,domates corba,kremali tavuk sote,falafel,"penne makarna, garniturlu pirinc pilavi","limonata, magnolia, mevsim salata"
2024-10-10,thursday,Hisar,300,lunch,koylu corba,firinda patatesli kofte yemegi,patates graten,"soslu makarna, su boregi","ayran, mevsim salata, peynir tatlisi"
2024-10-11,friday,Hisar,180,lunch,alaca corba,macar gulas,zy.kereviz,"eriste, melek pilavi","mevsim salata, soda, sutlac"
2024-10-14,monday,Hisar,361,lunch,ezogelin corba,mantar soslu tavuk,mantar sote,"bulgur pilavi, misirli pirinc pilavi","mor dunya, mercimek kofte, meyveli soda"
2024-10-15,tuesday,Hisar,331,lunch,kremali mantar corba,etli bezelye,etsiz bezelye,"kuskus, pirinc pilavi","ayran, meyve, mevsim salata"
2024-10-16,wednesday,Hisar,366,lunch,krutonlu domates corba,kekikli pilic kavurma,vegan hamburger,"nohutlu pirinc pilavi, penne makarna","cig kofte, ayran, cheesecake"
2024-10-17,thursday,Hisar,313,lunch,tarhana corba,tas kebabi,falafel,"melek pilavi, eriste","portakalli gazoz, mevsim salata, meyve"
2024-10-18,friday,Hisar,147,lunch,alaca corba,tavuk doner,dovmec,"bulgur pilavi, pirinc pilavi","ayran, meyve, hayrabolu tatlisi"
2024-10-21,monday,Hisar,267,lunch,mercimek corba,orman kebabi,bezelye yemegi,"bulgur pilavi, pirinc pilavi","yogurt, meyve, cheesecake"
2024-10-22,tuesday,Hisar,379,lunch,mengen corba,rosto kofte,falafel,"melek pilavi, bulgur pilavi","ayran, mevsim salata, meyve"
2024-10-23,wednesday,Hisar,361,lunch,suzme mercimek corba,izgara tavuk,zy. patlican,"garniturlu pirinc pilavi, soslu makarna","kola, havuc tarator, trilece"
2024-10-24,thursday,Hisar,194,lunch,tavuk suyu corba,etli taze fasulye,taze fasulye yemegi,"domatesli bulgur pilavi, zerdecalli pirinc pilavi","yogurt, meyve, hayrabolu tatlisi"
2024-10-25,friday,Hisar,159,lunch,mahluta corba,et doner,mucver,"pirinc pilavi, bulgur pilavi","kisir, kola, mevsim salata"
2024-10-25,friday,Kilyos,54,dinner,domates corba,cordon bleu + pure,sebze buketi,"soslu makarna, gul boregi","meyve, gazoz, amerikan salata"
2024-10-28,monday,Hisar,61,lunch,kis corbasi,etli kuru fasulye,etsiz kuru fasulye,"bulgur pilavi, pirinc pilavi","ayran, tursu, mevsim salata"
2024-09-20,friday,Anadoluhisari,55,breakfast,pisi,salatalik,,"kasar peynir, tereyagi, labne","recel, sutlu gevrek"
2024-09-20,friday,Kuzey,48,breakfast,pisi,salatalik,,"kasar peynir, tereyagi, labne","recel, sutlu gevrek"
2024-09-20,friday,Guney,23,breakfast,pisi,salatalik,,"kasar peynir, tereyagi, labne","recel, sutlu gevrek"
2024-09-20,friday,Kilyos,15,breakfast,pisi,salatalik,,"kasar peynir, tereyagi, labne","recel, sutlu gevrek"
2024-09-20,friday,Kandilli,47,breakfast,pisi,salatalik,,"kasar peynir, tereyagi, labne","recel, sutlu gevrek"
2024-09-21,saturday,Anadoluhisari,86,breakfast,patates kizartmasi,yesil zeytin,,"siyah zeytin, domates, salatalik, tahin helva, yumurta, sutlu gevrek","beyaz peynir, tereyagi, bal"
2024-09-21,saturday,Kuzey,95,breakfast,patates kizartmasi,yesil zeytin,,"siyah zeytin, domates, salatalik, tahin helva, yumurta, sutlu gevrek","beyaz peynir, tereyagi, bal"
2024-09-21,saturday,Kilyos,16,breakfast,patates kizartmasi,yesil zeytin,,"siyah zeytin, domates, salatalik, tahin helva, yumurta, sutlu gevrek","beyaz peynir, tereyagi, bal"
2024-09-21,saturday,Kandilli,87,breakfast,patates kizartmasi,yesil zeytin,,"siyah zeytin, domates, salatalik, tahin helva, yumurta, sutlu gevrek","beyaz peynir, tereyagi, bal"
2024-09-22,sunday,Anadoluhisari,135,breakfast,,corba,yumurta,"domates, salatalik, sutlu gevrek, kasar peynir, yesil zeytin, siyah zeytin","recel, labne, tahin-pekmez"
2024-09-22,sunday,Kuzey,126,breakfast,,corba,yumurta,"domates, salatalik, sutlu gevrek, kasar peynir, yesil zeytin, siyah zeytin","recel, labne, tahin-pekmez"
2024-09-22,sunday,Guney,8,breakfast,,corba,yumurta,"domates, salatalik, sutlu gevrek, kasar peynir, yesil zeytin, siyah zeytin","recel, labne, tahin-pekmez"
2024-09-22,sunday,Kilyos,24,breakfast,,corba,yumurta,"domates, salatalik, sutlu gevrek, kasar peynir, yesil zeytin, siyah zeytin","recel, labne, tahin-pekmez"
2024-09-22,sunday,Kandilli,129,breakfast,,corba,yumurta,"domates, salatalik, sutlu gevrek, kasar peynir, yesil zeytin, siyah zeytin","recel, labne, tahin-pekmez"
2024-09-23,monday,Anadoluhisari,357,breakfast,,pogaca + acma,yumurta,"domates, salatalik, sutlu gevrek, kasar peynir, yesil zeytin, siyah zeytin","findik kremasi, tereyagi, bal"
2024-09-23,monday,Kuzey,463,breakfast,,pogaca + acma,yumurta,"domates, salatalik, sutlu gevrek, kasar peynir, yesil zeytin, siyah zeytin","findik kremasi, tereyagi, bal"
2024-09-23,monday,Guney,231,breakfast,,pogaca + acma,yumurta,"domates, salatalik, sutlu gevrek, kasar peynir, yesil zeytin, siyah zeytin","findik kremasi, tereyagi, bal"
2024-09-23,monday,Kilyos,26,breakfast,,pogaca + acma,yumurta,"domates, salatalik, sutlu gevrek, kasar peynir, yesil zeytin, siyah zeytin","findik kremasi, tereyagi, bal"
2024-09-23,monday,Kandilli,142,breakfast,,pogaca + acma,yumurta,"domates, salatalik, sutlu gevrek, kasar peynir, yesil zeytin, siyah zeytin","findik kremasi, tereyagi, bal"
2024-09-24,tuesday,Anadoluhisari,146,breakfast,,patates kizartmasi,yumurta,"yesil zeytin, siyah zeytin, domates, salatalik, sutlu gevrek","beyaz peynir, tahin helva, tereyag, recel"
2024-09-24,tuesday,Kuzey,445,breakfast,,patates kizartmasi,yumurta,"yesil zeytin, siyah zeytin, domates, salatalik, sutlu gevrek","beyaz peynir, tahin helva, tereyag, recel"
2024-09-24,tuesday,Guney,206,breakfast,,patates kizartmasi,yumurta,"yesil zeytin, siyah zeytin, domates, salatalik, sutlu gevrek","beyaz peynir, tahin helva, tereyag, recel"
2024-09-24,tuesday,Kilyos,38,breakfast,,patates kizartmasi,yumurta,"yesil zeytin, siyah zeytin, domates, salatalik, sutlu gevrek","beyaz peynir, tahin helva, tereyag, recel"
2024-09-24,tuesday,Kandilli,126,breakfast,,patates kizartmasi,yumurta,"yesil zeytin, siyah zeytin, domates, salatalik, sutlu gevrek","beyaz peynir, tahin helva, tereyag, recel"
2024-09-25,wednesday,Anadoluhisari,91,breakfast,,menemen,yumurta,"yesil zeytin, siyah zeytin, domates","salatalik, kasar peynir, sutlu gevrek"
2024-09-25,wednesday,Kuzey,364,breakfast,,menemen,yumurta,"yesil zeytin, siyah zeytin, domates","salatalik, kasar peynir, sutlu gevrek"
2024-09-25,wednesday,Guney,173,breakfast,,menemen,yumurta,"yesil zeytin, siyah zeytin, domates","salatalik, kasar peynir, sutlu gevrek"
2024-09-25,wednesday,Kilyos,27,breakfast,,menemen,yumurta,"yesil zeytin, siyah zeytin, domates","salatalik, kasar peynir, sutlu gevrek"
2024-09-25,wednesday,Kandilli,88,breakfast,,menemen,yumurta,"yesil zeytin, siyah zeytin, domates","salatalik, kasar peynir, sutlu gevrek"
2024-09-26,thursday,Anadoluhisari,79,breakfast,,acma/simit,yumurta,"yesil zeytin, siyah zeytin, domates, salatalik, tahin helva","labne, beyaz peynir"
2024-09-26,thursday,Kuzey,342,breakfast,,acma/simit,yumurta,"yesil zeytin, siyah zeytin, domates, salatalik, tahin helva","labne, beyaz peynir"
2024-09-26,thursday,Guney,145,breakfast,,acma/simit,yumurta,"yesil zeytin, siyah zeytin, domates, salatalik, tahin helva","labne, beyaz peynir"
2024-09-26,thursday,Kilyos,34,breakfast,,acma/simit,yumurta,"yesil zeytin, siyah zeytin, domates, salatalik, tahin helva","labne, beyaz peynir"
2024-09-26,thursday,Kandilli,96,breakfast,,acma/simit,yumurta,"yesil zeytin, siyah zeytin, domates, salatalik, tahin helva","labne, beyaz peynir"
2024-09-27,friday,Anadoluhisari,304,breakfast,,pisi,yumurta,"yesil zeytin, siyah zeytin, domates, salatalik","sutlu gevrek, kasar peynir"
2024-09-27,friday,Kuzey,253,breakfast,,pisi,yumurta,"yesil zeytin, siyah zeytin, domates, salatalik","sutlu gevrek, kasar peynir"
2024-09-27,friday,Guney,126,breakfast,,pisi,yumurta,"yesil zeytin, siyah zeytin, domates, salatalik","sutlu gevrek, kasar peynir"
2024-09-27,friday,Kilyos,35,breakfast,,pisi,yumurta,"yesil zeytin, siyah zeytin, domates, salatalik","sutlu gevrek, kasar peynir"
2024-09-27,friday,Kandilli,119,breakfast,,pisi,yumurta,"yesil zeytin, siyah zeytin, domates, salatalik","sutlu gevrek, kasar peynir"
2024-09-28,saturday,Anadoluhisari,56,breakfast,,patates kizartmasi,yumurta,"yesil zeytin, siyah zeytin, domates, salatalik","beyaz peynir, tahin helva"
2024-09-28,saturday,Kuzey,144,breakfast,,patates kizartmasi,yumurta,"yesil zeytin, siyah zeytin, domates, salatalik","beyaz peynir, tahin helva"
2024-09-28,saturday,Guney,91,breakfast,,patates kizartmasi,yumurta,"yesil zeytin, siyah zeytin, domates, salatalik","beyaz peynir, tahin helva"
2024-09-28,saturday,Kilyos,39,breakfast,,patates kizartmasi,yumurta,"yesil zeytin, siyah zeytin, domates, salatalik","beyaz peynir, tahin helva"
2024-09-28,saturday,Kandilli,58,breakfast,,patates kizartmasi,yumurta,"yesil zeytin, siyah zeytin, domates, salatalik","beyaz peynir, tahin helva"
2024-09-29,sunday,Anadoluhisari,58,breakfast,,corba,yumurta,"yesil zeytin, siyah zeytin, domates, salatalik, sutlu gevrek, kasar peynir","recel, labne, tahin-pekmez"
2024-09-29,sunday,Kuzey,121,breakfast,,corba,yumurta,"yesil zeytin, siyah zeytin, domates, salatalik, sutlu gevrek, kasar peynir","recel, labne, tahin-pekmez"
2024-09-29,sunday,Guney,81,breakfast,,corba,yumurta,"yesil zeytin, siyah zeytin, domates, salatalik, sutlu gevrek, kasar peynir","recel, labne, tahin-pekmez"
2024-09-29,sunday,Kilyos,39,breakfast,,corba,yumurta,"yesil zeytin, siyah zeytin, domates, salatalik, sutlu gevrek, kasar peynir","recel, labne, tahin-pekmez"
2024-09-29,sunday,Kandilli,64,breakfast,,corba,yumurta,"yesil zeytin, siyah zeytin, domates, salatalik, sutlu gevrek, kasar peynir","recel, labne, tahin-pekmez"
2024-09-30,monday,Anadoluhisari,349,breakfast,,pogaca + acma,yumurta,"domates, salatalik, sutlu gevrek, kasar peynir, yesil zeytin, siyah zeytin","findik kremasi, tereyagi, bal"
2024-09-30,monday,Kuzey,433,breakfast,,pogaca + acma,yumurta,"domates, salatalik, sutlu gevrek, kasar peynir, yesil zeytin, siyah zeytin","findik kremasi, tereyagi, bal"
2024-09-30,monday,Guney,174,breakfast,,pogaca + acma,yumurta,"domates, salatalik, sutlu gevrek, kasar peynir, yesil zeytin, siyah zeytin","findik kremasi, tereyagi, bal"
2024-09-30,monday,Kilyos,26,breakfast,,pogaca + acma,yumurta,"domates, salatalik, sutlu gevrek, kasar peynir, yesil zeytin, siyah zeytin","findik kremasi, tereyagi, bal"
2024-09-30,monday,Kandilli,111,breakfast,,pogaca + acma,yumurta,"domates, salatalik, sutlu gevrek, kasar peynir, yesil zeytin, siyah zeytin","findik kremasi, tereyagi, bal"
2024-10-01,tuesday,Anadoluhisari,386,breakfast,corba,patates,yumurta,"yesil zeytin, siyah zeytin, domates, salatalik, sutlu gevrek","beyaz peynir, tereyag, recel"
2024-10-01,tuesday,Kuzey,423,breakfast,corba,patates,yumurta,"yesil zeytin, siyah zeytin, domates, salatalik, sutlu gevrek","beyaz peynir, tereyag, recel"
2024-10-01,tuesday,Guney,189,breakfast,corba,patates,yumurta,"yesil zeytin, siyah zeytin, domates, salatalik, sutlu gevrek","beyaz peynir, tereyag, recel"
2024-10-01,tuesday,Kilyos,33,breakfast,corba,patates,yumurta,"yesil zeytin, siyah zeytin, domates, salatalik, sutlu gevrek","beyaz peynir, tereyag, recel"
2024-10-01,tuesday,Kandilli,52,breakfast,corba,patates,yumurta,"yesil zeytin, siyah zeytin, domates, salatalik, sutlu gevrek","beyaz peynir, tereyag, recel"
2024-10-02,wednesday,Anadoluhisari,412,breakfast,,menemen,yumurta,"yesil zeytin, siyah zeytin, domates, salatalik, sutlu gevrek","kasar peynir, tereyag, recel, tahin-pekmez"
2024-10-02,wednesday,Kuzey,372,breakfast,,menemen,yumurta,"yesil zeytin, siyah zeytin, domates, salatalik, sutlu gevrek","kasar peynir, tereyag, recel, tahin-pekmez"
2024-10-02,wednesday,Guney,159,breakfast,,menemen,yumurta,"yesil zeytin, siyah zeytin, domates, salatalik, sutlu gevrek","kasar peynir, tereyag, recel, tahin-pekmez"
2024-10-02,wednesday,Kilyos,34,breakfast,,menemen,yumurta,"yesil zeytin, siyah zeytin, domates, salatalik, sutlu gevrek","kasar peynir, tereyag, recel, tahin-pekmez"
2024-10-02,wednesday,Kandilli,52,breakfast,,menemen,yumurta,"yesil zeytin, siyah zeytin, domates, salatalik, sutlu gevrek","kasar peynir, tereyag, recel, tahin-pekmez"
2024-10-03,thursday,Anadoluhisari,392,breakfast,,acma/simit,yumurta,"yesil zeytin, siyah zeytin, domates, salatalik, sutlu gevrek","beyaz peynir, labne, findik ezme, helva"
2024-10-03,thursday,Kuzey,367,breakfast,,acma/simit,yumurta,"yesil zeytin, siyah zeytin, domates, salatalik, sutlu gevrek","beyaz peynir, labne, findik ezme, helva"
2024-10-03,thursday,Guney,151,breakfast,,acma/simit,yumurta,"yesil zeytin, siyah zeytin, domates, salatalik, sutlu gevrek","beyaz peynir, labne, findik ezme, helva"
2024-10-03,thursday,Kilyos,51,breakfast,,acma/simit,yumurta,"yesil zeytin, siyah zeytin, domates, salatalik, sutlu gevrek","beyaz peynir, labne, findik ezme, helva"
2024-10-03,thursday,Kandilli,38,breakfast,,acma/simit,yumurta,"yesil zeytin, siyah zeytin, domates, salatalik, sutlu gevrek","beyaz peynir, labne, findik ezme, helva"
2024-10-04,friday,Anadoluhisari,366,breakfast,,pisi,yumurta,"yesil zeytin, siyah zeytin, domates, salatalik, sutlu gevrek","kasar peynir, krem peynir, tereyag, recel"
2024-10-04,friday,Kuzey,270,breakfast,,pisi,yumurta,"yesil zeytin, siyah zeytin, domates, salatalik, sutlu gevrek","kasar peynir, krem peynir, tereyag, recel"
2024-10-04,friday,Guney,127,breakfast,,pisi,yumurta,"yesil zeytin, siyah zeytin, domates, salatalik, sutlu gevrek","kasar peynir, krem peynir, tereyag, recel"
2024-10-04,friday,Kandilli,28,breakfast,,pisi,yumurta,"yesil zeytin, siyah zeytin, domates, salatalik, sutlu gevrek","kasar peynir, krem peynir, tereyag, recel"
2024-10-05,saturday,Anadoluhisari,57,breakfast,corba,su boregi,yumurta,"yesil zeytin, siyah zeytin, domates, salatalik, sutlu gevrek","beyaz peynir, tereyag, bal, helva"
2024-10-05,saturday,Kuzey,149,breakfast,corba,su boregi,yumurta,"yesil zeytin, siyah zeytin, domates, salatalik, sutlu gevrek","beyaz peynir, tereyag, bal, helva"
2024-10-05,saturday,Guney,91,breakfast,corba,su boregi,yumurta,"yesil zeytin, siyah zeytin, domates, salatalik, sutlu gevrek","beyaz peynir, tereyag, bal, helva"
2024-10-05,saturday,Kilyos,45,breakfast,corba,su boregi,yumurta,"yesil zeytin, siyah zeytin, domates, salatalik, sutlu gevrek","beyaz peynir, tereyag, bal, helva"
2024-10-05,saturday,Kandilli,63,breakfast,corba,su boregi,yumurta,"yesil zeytin, siyah zeytin, domates, salatalik, sutlu gevrek","beyaz peynir, tereyag, bal, helva"
2024-10-06,sunday,Anadoluhisari,44,breakfast,,patates kizartmasi,yumurta,"yesil zeytin, siyah zeytin, domates, salatalik, sutlu gevrek","kasar peynir, labne, recel, tahin-pekmez"
2024-10-06,sunday,Kuzey,153,breakfast,,patates kizartmasi,yumurta,"yesil zeytin, siyah zeytin, domates, salatalik, sutlu gevrek","kasar peynir, labne, recel, tahin-pekmez"
2024-10-06,sunday,Guney,95,breakfast,,patates kizartmasi,yumurta,"yesil zeytin, siyah zeytin, domates, salatalik, sutlu gevrek","kasar peynir, labne, recel, tahin-pekmez"
2024-10-06,sunday,Kilyos,48,breakfast,,patates kizartmasi,yumurta,"yesil zeytin, siyah zeytin, domates, salatalik, sutlu gevrek","kasar peynir, labne, recel, tahin-pekmez"
2024-10-06,sunday,Kandilli,74,breakfast,,patates kizartmasi,yumurta,"yesil zeytin, siyah zeytin, domates, salatalik, sutlu gevrek","kasar peynir, labne, recel, tahin-pekmez"
2024-10-07,monday,Anadoluhisari,358,breakfast,,simit / pogaca,yumurta,"yesil zeytin, siyah zeytin, domates, salatalik, sutlu gevrek","kasar peynir, tereyag, bal, findik ezme"
2024-10-07,monday,Kuzey,398,breakfast,,simit / pogaca,yumurta,"yesil zeytin, siyah zeytin, domates, salatalik, sutlu gevrek","kasar peynir, tereyag, bal, findik ezme"
2024-10-07,monday,Guney,172,breakfast,,simit / pogaca,yumurta,"yesil zeytin, siyah zeytin, domates, salatalik, sutlu gevrek","kasar peynir, tereyag, bal, findik ezme"
2024-10-07,monday,Kilyos,46,breakfast,,simit / pogaca,yumurta,"yesil zeytin, siyah zeytin, domates, salatalik, sutlu gevrek","kasar peynir, tereyag, bal, findik ezme"
2024-10-07,monday,Kandilli,46,breakfast,,simit / pogaca,yumurta,"yesil zeytin, siyah zeytin, domates, salatalik, sutlu gevrek","kasar peynir, tereyag, bal, findik ezme"
2024-10-08,tuesday,Anadoluhisari,412,breakfast,corba,patates kizartmasi,yumurta,"yesil zeytin, siyah zeytin, domates, salatalik, sutlu gevrek","beyaz peynir, tereyag, recel"
2024-10-08,tuesday,Kuzey,428,breakfast,corba,patates kizartmasi,yumurta,"yesil zeytin, siyah zeytin, domates, salatalik, sutlu gevrek","beyaz peynir, tereyag, recel"
2024-10-08,tuesday,Guney,180,breakfast,corba,patates kizartmasi,yumurta,"yesil zeytin, siyah zeytin, domates, salatalik, sutlu gevrek","beyaz peynir, tereyag, recel"
2024-10-08,tuesday,Kilyos,73,breakfast,corba,patates kizartmasi,yumurta,"yesil zeytin, siyah zeytin, domates, salatalik, sutlu gevrek","beyaz peynir, tereyag, recel"
2024-10-08,tuesday,Kandilli,37,breakfast,corba,patates kizartmasi,yumurta,"yesil zeytin, siyah zeytin, domates, salatalik, sutlu gevrek","beyaz peynir, tereyag, recel"
2024-10-09,wednesday,Anadoluhisari,387,breakfast,,menemen,yumurta,"yesil zeytin, siyah zeytin, domates, salatalik, sutlu gevrek","kasar peynir, tereyag, recel, tahin-pekmez"
2024-10-09,wednesday,Kuzey,396,breakfast,,menemen,yumurta,"yesil zeytin, siyah zeytin, domates, salatalik, sutlu gevrek","kasar peynir, tereyag, recel, tahin-pekmez"
2024-10-09,wednesday,Guney,156,breakfast,,menemen,yumurta,"yesil zeytin, siyah zeytin, domates, salatalik, sutlu gevrek","kasar peynir, tereyag, recel, tahin-pekmez"
2024-10-09,wednesday,Kilyos,48,breakfast,,menemen,yumurta,"yesil zeytin, siyah zeytin, domates, salatalik, sutlu gevrek","kasar peynir, tereyag, recel, tahin-pekmez"
2024-10-09,wednesday,Kandilli,31,breakfast,,menemen,yumurta,"yesil zeytin, siyah zeytin, domates, salatalik, sutlu gevrek","kasar peynir, tereyag, recel, tahin-pekmez"
2024-10-10,thursday,Anadoluhisari,360,breakfast,,acma/simit,yumurta,"yesil zeytin, siyah zeytin, domates, salatalik, sutlu gevrek","beyaz peynir, labne, findik ezme, helva"
2024-10-10,thursday,Kuzey,364,breakfast,,acma/simit,yumurta,"yesil zeytin, siyah zeytin, domates, salatalik, sutlu gevrek","beyaz peynir, labne, findik ezme, helva"
2024-10-10,thursday,Guney,177,breakfast,,acma/simit,yumurta,"yesil zeytin, siyah zeytin, domates, salatalik, sutlu gevrek","beyaz peynir, labne, findik ezme, helva"
2024-10-10,thursday,Kilyos,52,breakfast,,acma/simit,yumurta,"yesil zeytin, siyah zeytin, domates, salatalik, sutlu gevrek","beyaz peynir, labne, findik ezme, helva"
2024-10-10,thursday,Kandilli,35,breakfast,,acma/simit,yumurta,"yesil zeytin, siyah zeytin, domates, salatalik, sutlu gevrek","beyaz peynir, labne, findik ezme, helva"
2024-10-11,friday,Anadoluhisari,360,breakfast,,pisi,yumurta,"yesil zeytin, siyah zeytin, domates, salatalik, sutlu gevrek","kasar peynir, krem peynir, tereyag, recel"
2024-10-11,friday,Kuzey,292,breakfast,,pisi,yumurta,"yesil zeytin, siyah zeytin, domates, salatalik, sutlu gevrek","kasar peynir, krem peynir, tereyag, recel"
2024-10-11,friday,Guney,137,breakfast,,pisi,yumurta,"yesil zeytin, siyah zeytin, domates, salatalik, sutlu gevrek","kasar peynir, krem peynir, tereyag, recel"
2024-10-11,friday,Kilyos,39,breakfast,,pisi,yumurta,"yesil zeytin, siyah zeytin, domates, salatalik, sutlu gevrek","kasar peynir, krem peynir, tereyag, recel"
2024-10-11,friday,Kandilli,37,breakfast,,pisi,yumurta,"yesil zeytin, siyah zeytin, domates, salatalik, sutlu gevrek","kasar peynir, krem peynir, tereyag, recel"
2024-10-12,saturday,Anadoluhisari,49,breakfast,corba,su boregi,yumurta,"yesil zeytin, siyah zeytin, domates, salatalik, sutlu gevrek","beyaz peynir, tereyag, bal"
2024-10-12,saturday,Kuzey,158,breakfast,corba,su boregi,yumurta,"yesil zeytin, siyah zeytin, domates, salatalik, sutlu gevrek","beyaz peynir, tereyag, bal"
2024-10-12,saturday,Guney,91,breakfast,corba,su boregi,yumurta,"yesil zeytin, siyah zeytin, domates, salatalik, sutlu gevrek","beyaz peynir, tereyag, bal"
2024-10-12,saturday,Kilyos,35,breakfast,corba,su boregi,yumurta,"yesil zeytin, siyah zeytin, domates, salatalik, sutlu gevrek","beyaz peynir, tereyag, bal"
2024-10-12,saturday,Kandilli,66,breakfast,corba,su boregi,yumurta,"yesil zeytin, siyah zeytin, domates, salatalik, sutlu gevrek","beyaz peynir, tereyag, bal"
2024-10-13,sunday,Anadoluhisari,49,breakfast,,patates kizartmasi,yumurta,"yesil zeytin, siyah zeytin, domates, salatalik, sutlu gevrek","kasar peynir, labne, tahin-pekmez, helva"
2024-10-13,sunday,Kuzey,144,breakfast,,patates kizartmasi,yumurta,"yesil zeytin, siyah zeytin, domates, salatalik, sutlu gevrek","kasar peynir, labne, tahin-pekmez, helva"
2024-10-13,sunday,Guney,94,breakfast,,patates kizartmasi,yumurta,"yesil zeytin, siyah zeytin, domates, salatalik, sutlu gevrek","kasar peynir, labne, tahin-pekmez, helva"
2024-10-13,sunday,Kilyos,36,breakfast,,patates kizartmasi,yumurta,"yesil zeytin, siyah zeytin, domates, salatalik, sutlu gevrek","kasar peynir, labne, tahin-pekmez, helva"
2024-10-13,sunday,Kandilli,62,breakfast,,patates kizartmasi,yumurta,"yesil zeytin, siyah zeytin, domates, salatalik, sutlu gevrek","kasar peynir, labne, tahin-pekmez, helva"
2024-10-14,monday,Anadoluhisari,367,breakfast,,simit / pogaca,yumurta,"yesil zeytin, siyah zeytin, domates, salatalik, sutlu gevrek","kasar peynir, tereyag, bal, findik ezme"
2024-10-14,monday,Kuzey,354,breakfast,,simit / pogaca,yumurta,"yesil zeytin, siyah zeytin, domates, salatalik, sutlu gevrek","kasar peynir, tereyag, bal, findik ezme"
2024-10-14,monday,Guney,172,breakfast,,simit / pogaca,yumurta,"yesil zeytin, siyah zeytin, domates, salatalik, sutlu gevrek","kasar peynir, tereyag, bal, findik ezme"
2024-10-14,monday,Kilyos,40,breakfast,,simit / pogaca,yumurta,"yesil zeytin, siyah zeytin, domates, salatalik, sutlu gevrek","kasar peynir, tereyag, bal, findik ezme"
2024-10-14,monday,Kandilli,35,breakfast,,simit / pogaca,yumurta,"yesil zeytin, siyah zeytin, domates, salatalik, sutlu gevrek","kasar peynir, tereyag, bal, findik ezme"
2024-10-15,tuesday,Anadoluhisari,386,breakfast,corba,patates kizartmasi,yumurta,"yesil zeytin, siyah zeytin, domates, salatalik, sutlu gevrek","beyaz peynir, tereyag, recel"
2024-10-15,tuesday,Kuzey,379,breakfast,corba,patates kizartmasi,yumurta,"yesil zeytin, siyah zeytin, domates, salatalik, sutlu gevrek","beyaz peynir, tereyag, recel"
2024-10-15,tuesday,Guney,174,breakfast,corba,patates kizartmasi,yumurta,"yesil zeytin, siyah zeytin, domates, salatalik, sutlu gevrek","beyaz peynir, tereyag, recel"
2024-10-15,tuesday,Kilyos,43,breakfast,corba,patates kizartmasi,yumurta,"yesil zeytin, siyah zeytin, domates, salatalik, sutlu gevrek","beyaz peynir, tereyag, recel"
2024-10-15,tuesday,Kandilli,45,breakfast,corba,patates kizartmasi,yumurta,"yesil zeytin, siyah zeytin, domates, salatalik, sutlu gevrek","beyaz peynir, tereyag, recel"
2024-10-16,wednesday,Anadoluhisari,346,breakfast,,menemen,yumurta,"yesil zeytin, siyah zeytin, domates, salatalik, sutlu gevrek","kasar peynir, tereyag, tahin-pekmez, recel"
2024-10-16,wednesday,Kuzey,347,breakfast,,menemen,yumurta,"yesil zeytin, siyah zeytin, domates, salatalik, sutlu gevrek","kasar peynir, tereyag, tahin-pekmez, recel"
2024-10-16,wednesday,Guney,141,breakfast,,menemen,yumurta,"yesil zeytin, siyah zeytin, domates, salatalik, sutlu gevrek","kasar peynir, tereyag, tahin-pekmez, recel"
2024-10-16,wednesday,Kilyos,51,breakfast,,menemen,yumurta,"yesil zeytin, siyah zeytin, domates, salatalik, sutlu gevrek","kasar peynir, tereyag, tahin-pekmez, recel"
2024-10-16,wednesday,Kandilli,38,breakfast,,menemen,yumurta,"yesil zeytin, siyah zeytin, domates, salatalik, sutlu gevrek","kasar peynir, tereyag, tahin-pekmez, recel"
2024-10-17,thursday,Anadoluhisari,309,breakfast,,acma/simit,yumurta,"yesil zeytin, siyah zeytin, domates, salatalik, sutlu gevrek","beyaz peynir, labne, findik ezme, helva"
2024-10-17,thursday,Kuzey,332,breakfast,,acma/simit,yumurta,"yesil zeytin, siyah zeytin, domates, salatalik, sutlu gevrek","beyaz peynir, labne, findik ezme, helva"
2024-10-17,thursday,Guney,145,breakfast,,acma/simit,yumurta,"yesil zeytin, siyah zeytin, domates, salatalik, sutlu gevrek","beyaz peynir, labne, findik ezme, helva"
2024-10-17,thursday,Kilyos,47,breakfast,,acma/simit,yumurta,"yesil zeytin, siyah zeytin, domates, salatalik, sutlu gevrek","beyaz peynir, labne, findik ezme, helva"
2024-10-17,thursday,Kandilli,36,breakfast,,acma/simit,yumurta,"yesil zeytin, siyah zeytin, domates, salatalik, sutlu gevrek","beyaz peynir, labne, findik ezme, helva"
2024-10-18,friday,Anadoluhisari,369,breakfast,,pisi,yumurta,"yesil zeytin, siyah zeytin, domates, salatalik, sutlu gevrek","kasar peynir, krem peynir, tereyag, recel"
2024-10-18,friday,Kuzey,303,breakfast,,pisi,yumurta,"yesil zeytin, siyah zeytin, domates, salatalik, sutlu gevrek","kasar peynir, krem peynir, tereyag, recel"
2024-10-18,friday,Guney,125,breakfast,,pisi,yumurta,"yesil zeytin, siyah zeytin, domates, salatalik, sutlu gevrek","kasar peynir, krem peynir, tereyag, recel"
2024-10-18,friday,Kilyos,40,breakfast,,pisi,yumurta,"yesil zeytin, siyah zeytin, domates, salatalik, sutlu gevrek","kasar peynir, krem peynir, tereyag, recel"
2024-10-18,friday,Kandilli,25,breakfast,,pisi,yumurta,"yesil zeytin, siyah zeytin, domates, salatalik, sutlu gevrek","kasar peynir, krem peynir, tereyag, recel"
2024-10-19,saturday,Anadoluhisari,64,breakfast,corba,su boregi,yumurta,"yesil zeytin, siyah zeytin, domates, salatalik, sutlu gevrek","beyaz peynir, tereyag, bal"
2024-10-19,saturday,Kuzey,178,breakfast,corba,su boregi,yumurta,"yesil zeytin, siyah zeytin, domates, salatalik, sutlu gevrek","beyaz peynir, tereyag, bal"
2024-10-19,saturday,Guney,84,breakfast,corba,su boregi,yumurta,"yesil zeytin, siyah zeytin, domates, salatalik, sutlu gevrek","beyaz peynir, tereyag, bal"
2024-10-19,saturday,Kilyos,38,breakfast,corba,su boregi,yumurta,"yesil zeytin, siyah zeytin, domates, salatalik, sutlu gevrek","beyaz peynir, tereyag, bal"
2024-10-19,saturday,Kandilli,55,breakfast,corba,su boregi,yumurta,"yesil zeytin, siyah zeytin, domates, salatalik, sutlu gevrek","beyaz peynir, tereyag, bal"
2024-10-20,sunday,Anadoluhisari,71,breakfast,,patates kizartmasi,yumurta,"yesil zeytin, siyah zeytin, domates, salatalik, sutlu gevrek","kasar peynir, labne, tahin-pekmez, helva"
2024-10-20,sunday,Kuzey,181,breakfast,,patates kizartmasi,yumurta,"yesil zeytin, siyah zeytin, domates, salatalik, sutlu gevrek","kasar peynir, labne, tahin-pekmez, helva"
2024-10-20,sunday,Guney,106,breakfast,,patates kizartmasi,yumurta,"yesil zeytin, siyah zeytin, domates, salatalik, sutlu gevrek","kasar peynir, labne, tahin-pekmez, helva"
2024-10-20,sunday,Kilyos,45,breakfast,,patates kizartmasi,yumurta,"yesil zeytin, siyah zeytin, domates, salatalik, sutlu gevrek","kasar peynir, labne, tahin-pekmez, helva"
2024-10-20,sunday,Kandilli,81,breakfast,,patates kizartmasi,yumurta,"yesil zeytin, siyah zeytin, domates, salatalik, sutlu gevrek","kasar peynir, labne, tahin-pekmez, helva"
2024-10-21,monday,Anadoluhisari,353,breakfast,,simit / pogaca,yumurta,"yesil zeytin, siyah zeytin, domates, salatalik, sutlu gevrek","kasar peynir, tereyag, bal, findik ezme"
2024-10-21,monday,Kuzey,403,breakfast,,simit / pogaca,yumurta,"yesil zeytin, siyah zeytin, domates, salatalik, sutlu gevrek","kasar peynir, tereyag, bal, findik ezme"
2024-10-21,monday,Guney,155,breakfast,,simit / pogaca,yumurta,"yesil zeytin, siyah zeytin, domates, salatalik, sutlu gevrek","kasar peynir, tereyag, bal, findik ezme"
2024-10-21,monday,Kilyos,42,breakfast,,simit / pogaca,yumurta,"yesil zeytin, siyah zeytin, domates, salatalik, sutlu gevrek","kasar peynir, tereyag, bal, findik ezme"
2024-10-21,monday,Kandilli,33,breakfast,,simit / pogaca,yumurta,"yesil zeytin, siyah zeytin, domates, salatalik, sutlu gevrek","kasar peynir, tereyag, bal, findik ezme"
2024-10-22,tuesday,Anadoluhisari,384,breakfast,corba,patates kizartmasi,yumurta,"yesil zeytin, siyah zeytin, domates, salatalik, sutlu gevrek","beyaz peynir, tereyag, recel"
2024-10-22,tuesday,Kuzey,395,breakfast,corba,patates kizartmasi,yumurta,"yesil zeytin, siyah zeytin, domates, salatalik, sutlu gevrek","beyaz peynir, tereyag, recel"
2024-10-22,tuesday,Guney,167,breakfast,corba,patates kizartmasi,yumurta,"yesil zeytin, siyah zeytin, domates, salatalik, sutlu gevrek","beyaz peynir, tereyag, recel"
2024-10-22,tuesday,Kilyos,55,breakfast,corba,patates kizartmasi,yumurta,"yesil zeytin, siyah zeytin, domates, salatalik, sutlu gevrek","beyaz peynir, tereyag, recel"
2024-10-22,tuesday,Kandilli,29,breakfast,corba,patates kizartmasi,yumurta,"yesil zeytin, siyah zeytin, domates, salatalik, sutlu gevrek","beyaz peynir, tereyag, recel"
2024-10-23,wednesday,Anadoluhisari,412,breakfast,,menemen,yumurta,"yesil zeytin, siyah zeytin, domates, salatalik, sutlu gevrek","kasar peynir, tereyag, recel, tahin-pekmez"
2024-10-23,wednesday,Kuzey,341,breakfast,,menemen,yumurta,"yesil zeytin, siyah zeytin, domates, salatalik, sutlu gevrek","kasar peynir, tereyag, recel, tahin-pekmez"
2024-10-23,wednesday,Guney,120,breakfast,,menemen,yumurta,"yesil zeytin, siyah zeytin, domates, salatalik, sutlu gevrek","kasar peynir, tereyag, recel, tahin-pekmez"
2024-10-23,wednesday,Kilyos,40,breakfast,,menemen,yumurta,"yesil zeytin, siyah zeytin, domates, salatalik, sutlu gevrek","kasar peynir, tereyag, recel, tahin-pekmez"
2024-10-23,wednesday,Kandilli,45,breakfast,,menemen,yumurta,"yesil zeytin, siyah zeytin, domates, salatalik, sutlu gevrek","kasar peynir, tereyag, recel, tahin-pekmez"
2024-10-24,thursday,Anadoluhisari,317,breakfast,,acma/simit,yumurta,"yesil zeytin, siyah zeytin, domates, salatalik, sutlu gevrek","beyaz peynir, labne, findik ezme, helva"
2024-10-24,thursday,Kuzey,341,breakfast,,acma/simit,yumurta,"yesil zeytin, siyah zeytin, domates, salatalik, sutlu gevrek","beyaz peynir, labne, findik ezme, helva"
2024-10-24,thursday,Guney,138,breakfast,,acma/simit,yumurta,"yesil zeytin, siyah zeytin, domates, salatalik, sutlu gevrek","beyaz peynir, labne, findik ezme, helva"
2024-10-24,thursday,Kilyos,43,breakfast,,acma/simit,yumurta,"yesil zeytin, siyah zeytin, domates, salatalik, sutlu gevrek","beyaz peynir, labne, findik ezme, helva"
2024-10-24,thursday,Kandilli,31,breakfast,,acma/simit,yumurta,"yesil zeytin, siyah zeytin, domates, salatalik, sutlu gevrek","beyaz peynir, labne, findik ezme, helva"
2024-10-25,friday,Anadoluhisari,310,breakfast,,pisi,yumurta,"yesil zeytin, siyah zeytin, domates, salatalik, sutlu gevrek","kasar peynir, krem peynir, tereyag, recel"
2024-10-25,friday,Kuzey,287,breakfast,,pisi,yumurta,"yesil zeytin, siyah zeytin, domates, salatalik, sutlu gevrek","kasar peynir, krem peynir, tereyag, recel"
2024-10-25,friday,Guney,125,breakfast,,pisi,yumurta,"yesil zeytin, siyah zeytin, domates, salatalik, sutlu gevrek","kasar peynir, krem peynir, tereyag, recel"
2024-10-25,friday,Kandilli,29,breakfast,,pisi,yumurta,"yesil zeytin, siyah zeytin, domates, salatalik, sutlu gevrek","kasar peynir, krem peynir, tereyag, recel"
2024-10-26,saturday,Anadoluhisari,31,breakfast,corba,su boregi,yumurta,"yesil zeytin, siyah zeytin, domates, salatalik, sutlu gevrek","beyaz peynir, tereyag, bal"
2024-10-26,saturday,Kuzey,136,breakfast,corba,su boregi,yumurta,"yesil zeytin, siyah zeytin, domates, salatalik, sutlu gevrek","beyaz peynir, tereyag, bal"
2024-10-26,saturday,Guney,81,breakfast,corba,su boregi,yumurta,"yesil zeytin, siyah zeytin, domates, salatalik, sutlu gevrek","beyaz peynir, tereyag, bal"
2024-10-26,saturday,Kilyos,38,breakfast,corba,su boregi,yumurta,"yesil zeytin, siyah zeytin, domates, salatalik, sutlu gevrek","beyaz peynir, tereyag, bal"
2024-10-26,saturday,Kandilli,51,breakfast,corba,su boregi,yumurta,"yesil zeytin, siyah zeytin, domates, salatalik, sutlu gevrek","beyaz peynir, tereyag, bal"
2024-10-27,sunday,Anadoluhisari,34,breakfast,,patates kizartmasi,yumurta,"yesil zeytin, siyah zeytin, domates, salatalik, sutlu gevrek","kasar peynir, labne, helva, tahin-pekmez"
2024-10-27,sunday,Kuzey,116,breakfast,,patates kizartmasi,yumurta,"yesil zeytin, siyah zeytin, domates, salatalik, sutlu gevrek","kasar peynir, labne, helva, tahin-pekmez"
2024-10-27,sunday,Guney,66,breakfast,,patates kizartmasi,yumurta,"yesil zeytin, siyah zeytin, domates, salatalik, sutlu gevrek","kasar peynir, labne, helva, tahin-pekmez"
2024-10-27,sunday,Kilyos,33,breakfast,,patates kizartmasi,yumurta,"yesil zeytin, siyah zeytin, domates, salatalik, sutlu gevrek","kasar peynir, labne, helva, tahin-pekmez"
2024-10-27,sunday,Kandilli,34,breakfast,,patates kizartmasi,yumurta,"yesil zeytin, siyah zeytin, domates, salatalik, sutlu gevrek","kasar peynir, labne, helva, tahin-pekmez"
2024-10-28,monday,Anadoluhisari,22,breakfast,,simit / pogaca,yumurta,"yesil zeytin, siyah zeytin, domates, salatalik, sutlu gevrek","kasar peynir, tereyag, bal, findik ezme"
2024-10-28,monday,Kuzey,211,breakfast,,simit / pogaca,yumurta,"yesil zeytin, siyah zeytin, domates, salatalik, sutlu gevrek","kasar peynir, tereyag, bal, findik ezme"
2024-10-28,monday,Guney,74,breakfast,,simit / pogaca,yumurta,"yesil zeytin, siyah zeytin, domates, salatalik, sutlu gevrek","kasar peynir, tereyag, bal, findik ezme"
2024-10-28,monday,Kilyos,40,breakfast,,simit / pogaca,yumurta,"yesil zeytin, siyah zeytin, domates, salatalik, sutlu gevrek","kasar peynir, tereyag, bal, findik ezme"
2024-10-28,monday,Kandilli,39,breakfast,,simit / pogaca,yumurta,"yesil zeytin, siyah zeytin, domates, salatalik, sutlu gevrek","kasar peynir, tereyag, bal, findik ezme"
2024-10-29,tuesday,Anadoluhisari,18,breakfast,corba,patates kizartmasi,yumurta,"yesil zeytin, siyah zeytin, domates, salatalik, sutlu gevrek","beyaz peynir, tereyag, recel"
2024-10-29,tuesday,Kuzey,143,breakfast,corba,patates kizartmasi,yumurta,"yesil zeytin, siyah zeytin, domates, salatalik, sutlu gevrek","beyaz peynir, tereyag, recel"
2024-10-29,tuesday,Guney,63,breakfast,corba,patates kizartmasi,yumurta,"yesil zeytin, siyah zeytin, domates, salatalik, sutlu gevrek","beyaz peynir, tereyag, recel"
2024-10-29,tuesday,Kilyos,37,breakfast,corba,patates kizartmasi,yumurta,"yesil zeytin, siyah zeytin, domates, salatalik, sutlu gevrek","beyaz peynir, tereyag, recel"
2024-10-29,tuesday,Kandilli,46,breakfast,corba,patates kizartmasi,yumurta,"yesil zeytin, siyah zeytin, domates, salatalik, sutlu gevrek","beyaz peynir, tereyag, recel"
2024-10-30,wednesday,Anadoluhisari,281,breakfast,,menemen,yumurta,"yesil zeytin, siyah zeytin, domates, salatalik, sutlu gevrek","kasar peynir, tereyag, recel, tahin-pekmez"
2024-10-30,wednesday,Kuzey,181,breakfast,,menemen,yumurta,"yesil zeytin, siyah zeytin, domates, salatalik, sutlu gevrek","kasar peynir, tereyag, recel, tahin-pekmez"
2024-10-30,wednesday,Guney,71,breakfast,,menemen,yumurta,"yesil zeytin, siyah zeytin, domates, salatalik, sutlu gevrek","kasar peynir, tereyag, recel, tahin-pekmez"
2024-10-30,wednesday,Kilyos,12,breakfast,,menemen,yumurta,"yesil zeytin, siyah zeytin, domates, salatalik, sutlu gevrek","kasar peynir, tereyag, recel, tahin-pekmez"
2024-10-30,wednesday,Kandilli,30,breakfast,,menemen,yumurta,"yesil zeytin, siyah zeytin, domates, salatalik, sutlu gevrek","kasar peynir, tereyag, recel, tahin-pekmez"
